,precision,recall,f1-score,support
Covid-19,0.8701298701298701,0.8933333333333333,0.881578947368421,300.0
Emphysema,0.8688524590163934,0.848,0.8582995951417004,250.0
Normal,0.8470588235294118,0.96,0.9,300.0
Pneumonia-Bacterial,0.7384105960264901,0.7433333333333333,0.7408637873754153,300.0
Pneumonia-Viral,0.7596899224806202,0.6533333333333333,0.7025089605734767,300.0
Tuberculosis,0.9964912280701754,0.9895470383275261,0.993006993006993,287.0
accuracy,0.8468624064478987,0.8468624064478987,0.8468624064478987,0.8468624064478987
macro avg,0.8467721498754935,0.8479245063879209,0.8460430472443344,1737.0
weighted avg,0.8450160396431529,0.8468624064478987,0.8445903364269579,1737.0
