Model,Family,CV PR-AUC,CV SE,Test PR-AUC,Test ROC-AUC,Accuracy,Precision,Recall,F1-Score,Missed Patients (FN),False Alarms (FP),SMOTE,Tuning Time (min)
TabPFN,Modern,0.6316316818913493,0.01814142344544655,0.6482995437158945,0.8491936694473633,0.8602739726027397,0.7416666666666667,0.4218009478672986,0.5377643504531722,122,31,off,0.26063620249430336
LightGBM,Baseline,0.6292522673680931,0.021203452669672402,0.6199088238167175,0.8294321374193135,0.8337899543378996,0.5868263473053892,0.46445497630331756,0.5185185185185185,113,69,on,1.4526774088541667
Stacking Ensemble,Modern,0.6273503208246808,0.02333778888664744,0.6261204839390062,0.8374954429456799,0.852054794520548,0.6991869918699187,0.4075829383886256,0.5149700598802395,125,37,per base model,14.768331344922384
CatBoost,Modern,0.6268976265061303,0.02330521873058605,0.6228172110616828,0.8312120692243357,0.8410958904109589,0.6163522012578616,0.46445497630331756,0.5297297297297298,113,61,on,3.9125380436579387
XGBoost,Baseline,0.6178562746193508,0.022142767888004778,0.6115310964544558,0.8200338830391799,0.8438356164383561,0.6282051282051282,0.46445497630331756,0.5340599455040872,113,58,on,4.966502797603607
Explainable Boosting,Modern,0.5986080755434633,0.019150479927307118,0.605889691224955,0.8286386738435805,0.8502283105022831,0.688,0.4075829383886256,0.5119047619047619,125,39,off,6.982862631479899
TabM,Modern,0.5961051912919672,0.018347831639181224,0.5984379568317194,0.8235615792069654,0.8447488584474886,0.6453900709219859,0.4312796208530806,0.5170454545454546,120,50,off,1.3129968444506328
Neural Network (MLP),Baseline,0.5948192951462579,0.01436798413515979,0.5635115346874756,0.8122600844931483,0.845662100456621,0.7019230769230769,0.3459715639810427,0.4634920634920635,138,31,off,2.6751887957255045
Logistic Regression,Baseline,0.5911368579105624,0.014997153588949522,0.6036246545128523,0.8195620938860414,0.8538812785388128,0.7339449541284404,0.3791469194312796,0.5,131,29,off,0.24749752283096313
FT-Transformer,Modern,0.5892237774490816,0.012267083895735255,0.5963661705128805,0.823465076880187,0.8529680365296803,0.6736111111111112,0.4597156398104265,0.5464788732394367,114,47,off,5.053545610109965
Random Forest,Baseline,0.5863107401920986,0.01610608975129521,0.5970658721879004,0.8341768351525808,0.852054794520548,0.7207207207207207,0.3791469194312796,0.4968944099378882,131,31,off,2.8379921396573384
SVM,Baseline,0.5790923526059405,0.013436522393823353,0.5863798628696115,0.8148817310372927,0.821917808219178,0.9444444444444444,0.08056872037914692,0.14847161572052403,194,1,off,1.2429320335388183
RealMLP,Modern,0.5725659465001284,0.01978511320809806,0.6116199000505984,0.8235508567262122,0.8484018264840183,0.6642335766423357,0.4312796208530806,0.5229885057471264,120,46,off,10.602243467171986
KNN,Baseline,0.5698204922219289,0.009648665103018296,0.555145172852208,0.7999506765885356,0.8264840182648402,0.8,0.13270142180094788,0.22764227642276422,183,7,off,0.1319378097852071
Naive Bayes,Baseline,0.559782593421895,0.014551914514708079,0.5345318518318909,0.8064002487615536,0.7315068493150685,0.39050131926121373,0.7014218009478673,0.5016949152542373,63,231,on,0.7086917996406555
Decision Tree,Baseline,0.5174466083465387,0.014193227824039149,0.49153627783037096,0.7696891552829662,0.8191780821917808,0.5488721804511278,0.3459715639810427,0.42441860465116277,138,60,off,0.3554131348927816
TabNet,Modern,0.5111942601767374,0.016447942662044298,0.5185244790254466,0.781623276361219,0.8356164383561644,0.6422018348623854,0.33175355450236965,0.4375,141,39,off,9.993071623643239
