Feature,Importance_Mean,Importance_Std
age,0.11410452424425706,0.01828017543599159
blood_urea_nitrogen,0.11186620377811743,0.022315195745901115
uric_acid,0.0405634600168685,0.00950206117934175
bp_systolic,0.03798109646842633,0.005637739268511686
bicarbonate,0.03484312785309648,0.004363154176330955
diabetes,0.021946175336741747,0.004016240766644152
calcium,0.019274250268090487,0.005507431018065495
poverty_income_ratio,0.010323530254968993,0.008388042546976969
albumin_serum,0.008226838068888775,0.004147804332466233
height_cm,0.00812550311444854,0.002994005853399716
bmi,0.0057602457807565234,0.004217837583194665
phosphorus,0.0050825162003907635,0.001369938446736142
education_level,0.004962404551878741,0.006564406946732325
bp_diastolic,0.004528472948299211,0.002301144615071733
insulin_use,0.0022042750991359884,0.0011624836843410452
smoking_status,0.0005305633403368537,0.0008169322832024042
diabetes_pills,0.00020692218948438202,0.00017540729806410889
gender,-0.00104593598145154,0.0004999740335591615
ethnicity,-0.0022134440565942937,0.0031807415485605637
