Model,Val Accuracy,Val Macro F1,Val Loss,Test Accuracy,Test Macro F1,Test Macro ROC-AUC,Test Loss,Total Parameters,Eval Time (s)
Custom_CNN,0.8831749580771381,0.8160650507212626,0.3367296745693149,0.7297146054840515,0.6961388833616389,0.928420265847033,0.8514863559956622,423748,3.34
ResNet50V2,0.626607043040805,0.5300952280355224,1.011527929707639,0.5853385562395076,0.5048135138558866,0.8395815642704136,1.178098068095258,24090372,15.71
ResNet50V2_FT,0.8814980435997765,0.844439139085179,0.34678345156631574,0.8679350867375489,0.8259489753418996,0.9731195806090791,0.429139962123784,24090372,6.97
EfficientNetV2B0,0.7540525433202907,0.7038982156476408,0.6442629232942712,0.5629546726357023,0.5267628434307952,0.8541316252111536,1.0421866641240598,6248276,22.96
EfficientNetV2B0_FT,0.8580212409167133,0.8167041309017999,0.3674068996798824,0.8063794068270845,0.7372339621170043,0.9653835781677974,0.5080112611008815,6248276,8.68
DenseNet121,0.7199552822806037,0.5926680957754877,0.9047670486816057,0.6390598768886402,0.5200902004155823,0.8691004045193567,0.9152861576666124,7300932,33.35
DenseNet121_FT,0.9111235326998323,0.8894543706755502,0.28532251054299657,0.8942361499720202,0.867016310301131,0.9758629661028513,0.3480222960806383,7300932,22.82
ConvNeXtTiny,0.6400223588596982,0.5457231013494203,1.2004839015986015,0.6015668718522663,0.4722749937950941,0.7624589571212451,1.2096192644156807,28018020,9.46
ConvNeXtTiny_FT,0.8518725544997205,0.7942030633065883,0.45367735498371925,0.8505875769445999,0.7978089394146449,0.9684979400992025,0.48430764530922754,28018020,4.6
