Head,Model,Family,CV PR-AUC,CV SE,Test PR-AUC,Test ROC-AUC,Test Brier,Recall @0.5,Precision @0.5,Missed (FN) @0.5,False Alarms (FP) @0.5,Tuning Time (min)
heart,Logistic Regression,Baseline,0.31066317692273043,0.0026592056958837504,0.30660144701797803,0.8866558733374619,0.034642214053191234,0.09899749373433583,0.49842271293375395,1438,159,1.1983259320259094
heart,Naive Bayes,Baseline,0.18948011367338938,0.0031020018802242802,0.19046303572141626,0.8524588697188767,0.253793548322632,0.8577694235588973,0.11684875384090133,227,10347,0.28170602321624755
heart,Decision Tree,Baseline,0.2737282715821611,0.0015951086446816096,0.27076350893785783,0.8745171111333385,0.03542983986955697,0.08709273182957393,0.46488294314381273,1457,160,0.31099058787027994
heart,Random Forest,Baseline,0.3149924231465174,0.003909052414858047,0.33063374912342786,0.8898600165854773,0.035329957987306315,0.0,0.0,1596,0,1.830901531378428
heart,XGBoost,Baseline,0.3444644135050157,0.0019924908977336266,0.34834303076874623,0.8956790947791216,0.03359885513782501,0.13157894736842105,0.5785123966942148,1386,153,1.2699569821357728
heart,LightGBM,Baseline,0.340633964870213,0.0020989213266020107,0.34723795894920695,0.8951202837265821,0.033529149049859604,0.10964912280701754,0.6097560975609756,1421,112,0.5124090472857158
heart,Neural Network (MLP),Baseline,0.3252995286696807,0.0022690120913493347,0.2949873643540534,0.8821627554592679,0.03497521550399346,0.05889724310776942,0.5595238095238095,1502,74,0.8361330469449361
heart,CatBoost,Modern,0.3495456810724547,0.0035320554128834094,0.3490504944043184,0.8959083421829412,0.033528562502566306,0.11591478696741854,0.583596214511041,1411,132,1.4488530119260152
heart,Explainable Boosting,Modern,0.3422684838493013,0.0031059232531088577,0.3444479820618443,0.8916716855824814,0.033730151497244856,0.13721804511278196,0.5778364116094987,1377,160,4.680460810661316
lung,Logistic Regression,Baseline,0.539599134383956,0.0066211811242507775,0.5495243018505456,0.8781269207464113,0.05596471339972315,0.3603656738425243,0.658050619278406,2169,635,0.596235728263855
lung,Naive Bayes,Baseline,0.3996968535693449,0.00492312452187526,0.3929415996801504,0.8576592183494517,0.22225891729519887,0.8487171925685638,0.24814623210898432,513,8720,0.28109237750371296
lung,Decision Tree,Baseline,0.5267490730440164,0.004664919403752548,0.5445068167127431,0.8717071302811444,0.05560816391589832,0.4450014744913005,0.6335012594458438,1882,873,0.3346170743306478
lung,Random Forest,Baseline,0.5436876570921608,0.00499251425739627,0.5624353732318992,0.8856509110738187,0.05694918633803011,0.1754644647596579,0.7975871313672922,2796,151,2.218004496892293
lung,XGBoost,Baseline,0.5606306266172957,0.004235266834098664,0.5879022340404896,0.8889882518636036,0.05327701196074486,0.4423473901503981,0.6578947368421053,1891,780,1.2438740372657775
lung,LightGBM,Baseline,0.5641262627557163,0.0049539786337421,0.5885776812281659,0.8899421402314873,0.053314084885279285,0.44116779710999704,0.6575824175824175,1895,779,0.47568825085957844
lung,Neural Network (MLP),Baseline,0.5530108956929816,0.0046551182045741265,0.5636749213938586,0.8833258007573789,0.055007155686235196,0.4868770274255382,0.6272796352583586,1740,981,0.8022819956143697
lung,CatBoost,Modern,0.5631037237759302,0.0044235079507077,0.5865307339110266,0.890230280498062,0.05320822064713405,0.44293718667059867,0.6556089044085552,1889,789,1.3969747225443523
lung,Explainable Boosting,Modern,0.5602092642525083,0.005038428638410552,0.5883195166614565,0.8894776765710477,0.05324516935160686,0.44293718667059867,0.66489597166888,1889,757,4.628061989943187
kidney,Logistic Regression,Baseline,0.23266879384164646,0.005960567568519637,0.22997039871503352,0.8378559320821107,0.03288336046729568,0.06535488404778636,0.4793814432989691,1330,101,0.9605688174565633
kidney,Naive Bayes,Baseline,0.15828315135921117,0.0032948055814634434,0.14837899560041468,0.8164767741361972,0.2834558425374494,0.8236120871398454,0.08820651764882968,251,12115,0.28189632495244343
kidney,Decision Tree,Baseline,0.22188580059699695,0.004273965609705994,0.22763758397950623,0.7771069359613272,0.0333289560318626,0.06324666198172874,0.5625,1333,70,0.2976844112078349
kidney,Random Forest,Baseline,0.23507404967783527,0.006714914523192392,0.2553538817714528,0.8474923451778813,0.03272470027885837,0.0,0.0,1423,0,2.0184744119644167
kidney,XGBoost,Baseline,0.27652527823517087,0.006758395628037209,0.295549790238884,0.8533096160907607,0.031565576791763306,0.09346451159522136,0.6273584905660378,1290,79,1.1176650285720826
kidney,LightGBM,Baseline,0.27476139271112954,0.005575711357667663,0.29629892655905377,0.8558562321171319,0.03154199449601139,0.08151791988756149,0.6987951807228916,1307,50,0.4791902860005697
kidney,Neural Network (MLP),Baseline,0.2609726964495659,0.007041501732111196,0.26218579244893253,0.8382945635685001,0.03250967404218405,0.059030217849613494,0.65625,1339,44,0.8931999325752258
kidney,CatBoost,Modern,0.27363602864661746,0.005848151553631975,0.28922878219884907,0.8532409512610546,0.03165546227621629,0.09838369641602249,0.639269406392694,1283,79,1.3935802658398946
kidney,Explainable Boosting,Modern,0.2682910417658002,0.00533084014750129,0.2820566780617537,0.8535970424361513,0.03181925536415165,0.10400562192550948,0.6065573770491803,1275,96,4.5022382736206055
