Head,Feature,Importance_Mean,Importance_Std
heart,symptom_1,0.1712288974480151,0.0052305455386202
heart,age,0.1424273414605422,0.004093935466536639
heart,heart_rate,0.04438112447010283,0.004789959821351903
heart,symptom_2,0.0396316945178044,0.0023065428070593867
heart,systolic_bp,0.011507513215100452,0.0029783331141398015
heart,diastolic_bp,0.008573545730750387,0.0021650553476259796
heart,diabetes,0.008462712428033637,0.001082605841160384
heart,sex,0.007355202442193798,0.001324102408013076
heart,temperature_f,0.005615733891469599,0.001157977357198841
heart,symptom_3,0.005069448477564275,0.0024124324734082813
heart,respiratory_rate,0.0032095849519781063,0.0005580161948544616
heart,pain_score,0.0028093185026105806,0.0008016850355502104
heart,injury_reason,0.0020538208439879026,0.0008288709275962309
heart,oxygen_saturation,0.0014447415622617977,0.001005952140819921
kidney,symptom_1,0.21530560184296582,0.0015858278218590172
kidney,symptom_2,0.04569246716679961,0.0031408739024812475
kidney,sex,0.026473872254752943,0.004019659452555294
kidney,age,0.023862262384351796,0.003023715270651657
kidney,symptom_3,0.020131875289404334,0.0024803790824568465
kidney,injury_reason,0.014931147382261579,0.002546440005468859
kidney,systolic_bp,0.011684602066766914,0.002663906233860963
kidney,heart_rate,0.01141643198462946,0.0027547980778663706
kidney,pain_score,0.010058567365372311,0.002974292565882652
kidney,diastolic_bp,0.00868401404242355,0.0014239769182764377
kidney,diabetes,0.008373492242304697,0.0014144271951427548
kidney,temperature_f,0.004429123767899728,0.0013703764057380356
kidney,respiratory_rate,0.0014750601446201772,0.0011080423017471748
kidney,oxygen_saturation,-0.0010991979865211832,0.0006959188114195454
lung,symptom_1,0.3216106481128514,0.0045575193401410875
lung,symptom_2,0.09768448996167735,0.005371605784491933
lung,symptom_3,0.030200923605030006,0.0017726489187120896
lung,oxygen_saturation,0.022203655099745957,0.0014102323951284738
lung,respiratory_rate,0.011603594508153302,0.0012561403774729357
lung,heart_rate,0.010371795321221167,0.0015399409831819229
lung,age,0.006200346750947239,0.001408388364847682
lung,temperature_f,0.003876068893837492,0.0009212476919819452
lung,diabetes,0.0032584989959659194,0.0004417152140245222
lung,systolic_bp,0.003202194721454066,0.001197018528922829
lung,injury_reason,0.00281058136517891,0.0009334776830879539
lung,pain_score,0.001668555176493114,0.00046283187713592116
lung,diastolic_bp,0.0007835453859458497,0.0008110126301456872
lung,sex,0.00024371234190315728,0.00035594177533675717
