Model,Accuracy,Precision,Recall,F1-Score,ROC-AUC,PR-AUC (AP),Missed Patients (FN),False Alarms (FP)
Logistic Regression,0.7985,0.9323,0.7674,0.8418,0.8929,0.9534,388,93
Naive Bayes,0.6498,0.9749,0.5120,0.6714,0.8318,0.9259,814,22
KNN,0.8492,0.9171,0.8621,0.8888,0.9006,0.9353,230,130
Decision Tree,0.9418,0.9751,0.9406,0.9576,0.9779,0.9905,99,40
Random Forest,0.9581,0.9894,0.9502,0.9694,0.9936,0.9973,83,17
XGBoost,0.9841,0.9927,0.9844,0.9886,0.9983,0.9992,26,12
LightGBM,0.9853,0.9940,0.9850,0.9895,0.9989,0.9995,25,10
SVM,0.9229,0.9569,0.9317,0.9441,0.9766,0.9899,114,70
Neural Network,0.9489,0.9657,0.9610,0.9633,0.9900,0.9958,65,57
