organ,icd_version,code,visits
heart,9,428.0,1133
heart,9,427.31,841
heart,10,I50.9,786
heart,10,I48.9,651
heart,9,411.1,437
heart,10,I25.1,373
heart,9,427.89,355
heart,9,414.00,294
heart,10,I21.4,229
heart,9,410.91,179
heart,9,413.9,149
heart,10,I11.0,139
heart,9,427.9,135
heart,10,I48.0,135
heart,10,I50.2,134
heart,9,414.01,120
heart,10,I50.3,110
heart,10,I47.1,107
heart,9,410.90,99
heart,10,I21.3,92
heart,10,I24.9,89
heart,9,427.32,84
heart,10,I49.9,80
heart,9,410.71,79
heart,10,I20.0,70
heart,10,I13.0,67
heart,10,I20.9,65
heart,10,I48.2,62
heart,9,425.4,61
heart,9,427.5,60
heart,9,412,56
heart,10,I46.9,50
heart,10,I21.9,49
heart,10,I42.9,48
heart,10,I25,47
heart,10,I51.9,47
heart,10,I25.2,46
heart,9,423.9,45
heart,9,428.9,45
heart,10,I50.4,45
heart,10,I47.2,42
heart,9,427.0,41
heart,9,427.69,41
heart,10,I49.3,39
heart,9,428.33,35
heart,9,424.1,34
heart,9,427.1,34
heart,9,429.3,32
heart,10,Z95.0,30
heart,9,414.9,29
heart,9,429.9,29
heart,10,I51.7,29
heart,9,410.70,28
heart,9,428.23,28
heart,9,V45.01,28
heart,10,I13.2,28
heart,9,424.0,27
heart,10,Z95.1,26
heart,10,I49.8,25
heart,9,V45.81,24
heart,10,I35.0,23
heart,10,I50,23
heart,10,I45.9,22
heart,9,V45.82,21
heart,10,I11.9,21
heart,10,I31.9,21
heart,9,426.3,19
heart,10,I31.3,19
heart,10,Z95.5,19
heart,9,V45.02,18
heart,10,I50.8,18
heart,9,426.0,17
heart,10,I44,17
heart,10,Z95.2,17
heart,10,I25.9,16
heart,10,I44.7,16
heart,9,427.81,15
heart,9,410.41,14
heart,9,428.21,14
heart,9,428.30,14
heart,10,I48.1,14
heart,9,414.8,13
heart,10,I25.5,13
heart,9,428.22,12
heart,9,428.31,12
heart,9,429.2,12
heart,10,I20.8,12
heart,10,I38,12
heart,10,I51,12
heart,9,402.90,11
heart,9,426.4,11
heart,10,I21,11
heart,10,I21.A,11
heart,9,424.90,10
heart,9,426.11,10
heart,9,427.2,10
heart,9,427.61,10
heart,9,V43.3,10
heart,10,I21.1,10
heart,10,I42.0,10
heart,10,I44.2,10
heart,10,I49.1,10
heart,9,411.89,9
heart,9,420.90,9
heart,9,402.91,8
heart,9,427.41,8
heart,9,428.20,8
heart,9,428.43,8
heart,10,I50.1,8
heart,10,I20,7
heart,10,I24,7
heart,10,I34.0,7
heart,10,I45.1,7
heart,9,404.91,6
heart,9,410.11,6
heart,9,410.40,6
heart,9,428.1,6
heart,9,428.32,6
heart,10,I13,6
heart,10,I30.9,6
heart,10,I49.5,6
heart,9,404.90,5
heart,9,410.51,5
heart,9,426.13,5
heart,9,429.83,5
heart,10,I30,5
heart,10,I44.0,5
heart,10,I45.8,5
heart,9,426.10,4
heart,9,426.9,4
heart,9,429.89,4
heart,10,I22,4
heart,10,I30.0,4
heart,10,I42,4
heart,10,I42.8,4
heart,10,I45,4
heart,10,Z95.4,4
heart,9,410.10,3
heart,9,410.81,3
heart,9,414.2,3
heart,9,426.50,3
heart,9,426.7,3
heart,9,427.42,3
heart,9,427.60,3
heart,10,I09.9,3
heart,10,I24.8,3
heart,10,I34.1,3
heart,10,I34.9,3
heart,10,I35.9,3
heart,10,I44.1,3
heart,10,I49.0,3
heart,10,Z94.1,3
heart,9,397.0,2
heart,9,398.90,2
heart,9,402.10,2
heart,9,410.31,2
heart,9,414.02,2
heart,9,423.3,2
heart,9,426.53,2
heart,9,428.42,2
heart,9,V42.1,2
heart,10,I21.0,2
heart,10,I25.8,2
heart,10,I33.0,2
heart,10,I33.9,2
heart,10,I35.1,2
heart,10,I44.3,2
heart,10,I47,2
heart,9,396.2,1
heart,9,396.3,1
heart,9,402.01,1
heart,9,402.11,1
heart,9,404.01,1
heart,9,410.00,1
heart,9,410.01,1
heart,9,410.20,1
heart,9,410.72,1
heart,9,410.80,1
heart,9,410.92,1
heart,9,411.0,1
heart,9,414.05,1
heart,9,414.10,1
heart,9,420.91,1
heart,9,421.0,1
heart,9,421.9,1
heart,9,423.2,1
heart,9,424.91,1
heart,9,425.11,1
heart,9,425.18,1
heart,9,425.5,1
heart,9,425.9,1
heart,9,426.12,1
heart,9,426.51,1
heart,9,428.40,1
heart,9,428.41,1
heart,9,429.1,1
heart,9,429.79,1
heart,9,V42.2,1
heart,9,V45.09,1
heart,10,I05.9,1
heart,10,I08.0,1
heart,10,I13.1,1
heart,10,I21.2,1
heart,10,I23,1
heart,10,I33,1
heart,10,I40,1
heart,10,I46,1
heart,10,I46.2,1
heart,10,I51.4,1
heart,10,I52,1
kidney,9,592.0,823
kidney,10,N17.9,738
kidney,10,N20.0,612
kidney,9,592.1,485
kidney,9,788.0,430
kidney,9,590.80,396
kidney,9,584.9,365
kidney,9,593.9,319
kidney,10,N20.1,314
kidney,10,N18.9,292
kidney,9,585.6,251
kidney,10,N18.6,239
kidney,9,585.9,231
kidney,10,N23,219
kidney,10,N15.9,213
kidney,9,586,186
kidney,10,N12,148
kidney,9,590.10,135
kidney,10,N28.9,134
kidney,9,591,116
kidney,10,N13.2,101
kidney,10,Z99.2,99
kidney,10,N13.3,89
kidney,10,N10,85
kidney,10,I12.9,83
kidney,9,403.90,81
kidney,9,403.91,71
kidney,10,I13.0,67
kidney,10,N19,63
kidney,10,N18.3,56
kidney,10,E11.2,50
kidney,10,I12.0,46
kidney,10,N28,37
kidney,10,N18.4,33
kidney,9,V45.11,32
kidney,9,592.9,30
kidney,9,753.10,29
kidney,10,Z94.0,29
kidney,10,I13.2,28
kidney,9,585.3,26
kidney,10,N20.2,26
kidney,9,V42.0,24
kidney,10,N13,23
kidney,9,250.40,21
kidney,10,N28.1,21
kidney,9,585.4,19
kidney,9,593.89,19
kidney,10,N28.8,19
kidney,10,N18.5,18
kidney,10,N13.9,16
kidney,10,N20.9,16
kidney,10,N21.9,16
kidney,9,590.9,13
kidney,9,593.5,10
kidney,10,N17.0,10
kidney,9,584.5,9
kidney,9,593.4,8
kidney,10,N17,8
kidney,9,583.9,7
kidney,10,Q61,7
kidney,9,403.00,6
kidney,9,404.91,6
kidney,9,581.9,6
kidney,9,593.81,6
kidney,10,C64.9,6
kidney,10,I13,6
kidney,10,N13.5,6
kidney,10,N15,6
kidney,9,404.90,5
kidney,9,189.0,4
kidney,9,583.81,4
kidney,9,585.2,4
kidney,9,V56.0,4
kidney,10,N02.9,4
kidney,10,N18.2,4
kidney,9,590.2,3
kidney,9,593.2,3
kidney,10,N04.9,3
kidney,10,N13.1,3
kidney,10,N18,3
kidney,10,N21,3
kidney,10,Z49.0,3
kidney,9,250.41,2
kidney,9,582.1,2
kidney,9,588.0,2
kidney,9,588.9,2
kidney,9,753.12,2
kidney,9,753.21,2
kidney,10,N05.9,2
kidney,10,N13.4,2
kidney,10,N13.8,2
kidney,10,N16,2
kidney,10,N26,2
kidney,10,Q61.9,2
kidney,9,250.42,1
kidney,9,403.01,1
kidney,9,403.10,1
kidney,9,403.11,1
kidney,9,404.01,1
kidney,9,580.0,1
kidney,9,583.89,1
kidney,9,585.1,1
kidney,9,585.5,1
kidney,9,587,1
kidney,9,588.81,1
kidney,9,590.00,1
kidney,9,590.01,1
kidney,9,593.0,1
kidney,9,593.3,1
kidney,9,753.0,1
kidney,9,753.3,1
kidney,9,V56.8,1
kidney,10,C64,1
kidney,10,I13.1,1
kidney,10,N05,1
kidney,10,N14,1
kidney,10,N14.4,1
kidney,10,N15.1,1
kidney,10,N17.1,1
kidney,10,N21.0,1
kidney,10,N25.9,1
kidney,10,N29,1
kidney,10,Q61.3,1
lung,9,486,1787
lung,9,490,1300
lung,10,U07.1,1247
lung,9,466.0,1217
lung,9,493.90,1187
lung,10,J45.9,1180
lung,10,J18.9,1140
lung,9,491.21,763
lung,10,J44.1,739
lung,9,496,728
lung,9,493.92,661
lung,10,J20.9,622
lung,10,J44.9,609
lung,10,J40,510
lung,9,487.1,370
lung,10,J96.0,322
lung,10,J11.1,304
lung,9,518.81,220
lung,10,J45,218
lung,9,511.0,186
lung,9,511.9,184
lung,10,J90,182
lung,10,J12.8,179
lung,10,J18.1,153
lung,10,J10.1,140
lung,9,519.11,127
lung,9,162.9,116
lung,10,J45.2,114
lung,10,J98.0,114
lung,10,J96.2,98
lung,9,514,90
lung,10,J16.8,89
lung,9,482.9,71
lung,10,C34.9,68
lung,10,J96.9,68
lung,10,J15.9,66
lung,9,491.22,64
lung,10,J09.X,63
lung,10,J20.8,62
lung,10,J69.0,61
lung,9,507.0,56
lung,9,493.20,55
lung,9,518.82,55
lung,9,518.89,54
lung,9,491.20,53
lung,9,492.8,52
lung,10,J43.9,51
lung,9,493.22,49
lung,10,J44.0,49
lung,10,J81.0,48
lung,9,518.0,45
lung,10,J45.4,45
lung,9,519.8,38
lung,10,J96.1,36
lung,10,J81.1,35
lung,9,518.84,34
lung,10,J98.1,34
lung,10,J98.8,31
lung,9,512.89,30
lung,9,491.9,27
lung,9,515,25
lung,9,493.00,24
lung,10,J80,24
lung,10,J98.9,23
lung,9,518.83,22
lung,9,519.9,21
lung,10,J09,21
lung,10,J18.8,21
lung,9,485,19
lung,9,493.02,19
lung,10,J12.9,19
lung,10,J45.3,18
lung,10,J98.4,18
lung,10,C34,17
lung,10,J42,17
lung,10,J84.1,17
lung,10,J84.9,17
lung,10,J15,16
lung,9,488.02,14
lung,9,493.91,14
lung,9,512.8,14
lung,10,J70.9,14
lung,10,J93,14
lung,10,J94.9,14
lung,10,J93.9,13
lung,10,J22,12
lung,10,J95.8,12
lung,9,487.0,11
lung,9,494.0,11
lung,9,518.4,11
lung,10,J41,11
lung,10,J11,10
lung,10,J45.5,9
lung,10,J94,9
lung,9,011.90,8
lung,9,518.1,8
lung,10,J10,8
lung,10,J98,8
lung,9,466.19,7
lung,9,480.9,7
lung,9,508.2,7
lung,10,J10.8,7
lung,10,J21.9,7
lung,10,J91.8,7
lung,10,J96,7
lung,9,481,6
lung,9,519.19,6
lung,10,J91.0,6
lung,9,487.8,5
lung,9,493.10,5
lung,9,493.21,5
lung,9,493.81,5
lung,9,493.82,5
lung,9,511.81,5
lung,9,511.89,5
lung,9,518.3,5
lung,10,J47,5
lung,10,J95.0,5
lung,9,510.9,4
lung,9,517.8,4
lung,10,C34.1,4
lung,10,J10.2,4
lung,10,J21.0,4
lung,10,J91,4
lung,10,Z94.2,4
lung,9,488.01,3
lung,9,488.12,3
lung,9,491.0,3
lung,9,495.9,3
lung,9,512.0,3
lung,9,513.0,3
lung,9,516.8,3
lung,9,519.00,3
lung,9,519.01,3
lung,10,J20,3
lung,10,J84,3
lung,10,J93.8,3
lung,10,J95,3
lung,9,466.11,2
lung,9,482.0,2
lung,9,483.8,2
lung,9,491.1,2
lung,9,506.0,2
lung,9,506.9,2
lung,9,511.1,2
lung,10,J10.0,2
lung,10,J11.8,2
lung,10,J13,2
lung,10,J20.5,2
lung,10,J20.6,2
lung,10,J43.2,2
lung,10,J68,2
lung,10,J81,2
lung,10,J86,2
lung,10,J94.2,2
lung,10,J98.2,2
lung,10,J98.5,2
lung,10,J98.6,2
lung,10,U07.0,2
lung,9,480.1,1
lung,9,482.83,1
lung,9,488.11,1
lung,9,491.8,1
lung,9,492.0,1
lung,9,493.12,1
lung,9,494.1,1
lung,9,495.0,1
lung,9,505,1
lung,9,506.3,1
lung,9,510.0,1
lung,9,512.1,1
lung,9,516.9,1
lung,9,517.3,1
lung,9,518.5,1
lung,9,519.02,1
lung,9,519.4,1
lung,9,V42.6,1
lung,10,C34.3,1
lung,10,J11.2,1
lung,10,J15.2,1
lung,10,J15.7,1
lung,10,J17,1
lung,10,J43,1
lung,10,J43.8,1
lung,10,J68.9,1
lung,10,J85,1
lung,10,J85.1,1
lung,10,J92.9,1
