symptom,body_system,visits,rfv_codes,rfv_labels
Chest pain,general,16137,1050.0 1050.1,Chest pain and related symptoms | Chest pain
Fever,general,5907,1010.0,Fever
Flank (side) or kidney pain,general,5197,1055.2 1670.1,"Side pain, flank pain | Kidney pain"
General weakness,general,5103,1020.0,General weakness
"Pain, site not specified",general,4766,1060.0 1060.1,"Pain and related symptoms, generalize... | Pain, unspecified"
Fainting,general,2776,1030.0,Fainting (syncope)
Chest pressure or tightness,general,2100,1050.2,"Chest discomfort, pressure, tightness"
Swelling (edema),general,1974,1035.1,Edema
Chills,general,1721,1005.0,Chills
Tiredness or exhaustion,general,1714,1015.0,"Tiredness, exhaustion"
Facial pain,general,1639,1055.4,Facial pain
Rib pain,general,1497,1055.1,Rib pain
Unsteady walking or poor coordination,general,1439,1095.0,Disorders of motor functions
Pain at another specific site,general,1435,1055.0,"Pain, specified site not referable to..."
Feeling generally unwell,general,1212,1025.0,General ill feeling
Fluid retention or imbalance,general,995,1035.0,Symptoms of fluid abnormalities
Groin pain,general,923,1055.3,Groin pain
Allergic reaction,general,906,1090.0,"Allergy, NOS"
"Bleeding, site not specified",general,676,1070.0,"Bleeding, multiple or unspecified sites"
Excessive sweating,general,560,1035.2,"Excessive sweating, perspiration"
Cramps or spasms,general,530,1060.2,"Cramps, spasms, site unspecified"
Face symptoms,general,371,1046.0,"Symptoms of face, not elsewhere class..."
Weight gain,general,217,1040.0,Weight gain
Other general symptom,general,1078,1012.0 1012.1 1012.2 1012.3 1035.3 1045.0 1045.1 1045.2 1050.3 1060.3 1065.0 1065.1 1066.0 1075.0 1075.1 1085.0 1096.0,"Other symptoms of body temperature | Feeling cold | Feeling hot | Feeling hot and cold | Excessive thirst | Weight loss | Recent weight loss | Underweight | Burning sensation in the chest | Stiffness, site unspecified | Tumor or mass, site unspecified | Internal mass, NOS | Lesion, Internal, NOS (excludes brain and skin) | Symptoms of growth and developmental ... | Lack of growth | General or unspecified nonviral infec... | Dyslexia, NOS"
Anxiety or nervousness,psychological,3266,1100.0,Anxiety and nervousness
Depression,psychological,2031,1110.0,Depression
Alcohol-related problem,psychological,1265,1145.0,Alcohol-related problems
Delusions or hallucinations,psychological,1054,1155.0,Delusions or hallucinations
Drug use problem,psychological,1005,1150.0,Abnormal drug usage
Behavior changes,psychological,952,1130.0,Behavioral disturbances
Hostile or aggressive behavior,psychological,803,1130.2,Hostile behavior
Trouble sleeping,psychological,564,1135.1,Insomnia
Excessive sleepiness,psychological,211,1135.2,Sleepiness (hypersomnia)
Other psychological symptom,psychological,6714,1105.0 1115.0 1120.0 1123.0 1125.0 1130.1 1130.3 1130.4 1130.5 1135.0 1135.3 1135.4 1135.5 1140.0 1150.1 1160.0 1160.1 1160.2 1160.3 1160.5 1160.6 1160.7 1165.0 1165.1,"Fears and phobias | Anger | Problems with identity and self-esteem | Transgender | Restlessness | Antisocial behavior | Hysterical behavior | Temper problems | Obsessions and compulsions | Disturbances of sleep | Nightmares | Sleepwalking | Sleep apnea | Smoking problems | Substance abuse, NOS | Psychosexual disorders | Frigidity, loss of sex drive, lack of... | Homosexuality, concerns with | Impotence | Masturbation excessive, concerns about | Orgasm, problem with | Preoccupation with sex | Oth symptoms/problems relat to psycho... | Nailbiting"
Headache,nervous system,11629,1210.0,"Headache, pain in head"
Dizziness or vertigo,nervous system,8308,1225.0,Vertigo - dizziness
Numbness,nervous system,2517,1220.1,Loss of feeling (anesthesia)
Seizure (convulsions),nervous system,2292,1205.0,Convulsions
Tingling (pins and needles),nervous system,1283,1220.3,Abnormal sensation (paresthesia)
Tremor or involuntary movements,nervous system,909,1200.0,Abnormal involuntary movements
Speech difficulty,nervous system,826,1235.0 1235.2,"Disorders of speech, speech disturbance | Slurring"
Weakness of a limb or one side,nervous system,670,1230.0,Weakness (neurologic)
Other nervous system symptom,nervous system,1952,1207.0 1210.1 1215.0 1220.0 1220.2 1220.4 1235.1 1240.0,"Symptoms of head, NEC | Tension headache | Memory, disturbances of | Disturbances of sensation | Increased sensation (hyperesthesia) | Other disturbances of sense, includin... | Stuttering, stammering | Other symptoms referable to the nervo..."
Palpitations,circulation and lymph,1535,1260.0,Abnormal pulsations and palpitations
Irregular heartbeat,circulation and lymph,752,1260.3,Irregular heartbeat
Fast heartbeat,circulation and lymph,713,1260.1,Increased heartbeat
Other circulation and lymph symptom,circulation and lymph,589,1260.2 1265.0 1270.0 1275.0 1275.1 1275.2 1280.0 1280.1 1280.2 1280.3,"Decreased heartbeat | Heart pain | Other symptoms of the heart | Symptoms of lymph glands (or nodes) | Swollen or enlarged glands | Sore glands | Other symptoms ref to the cardiovas/l... | Poor circulation | Pallor, paleness | Flushed, blushing"
Earache,eye and ear,2444,1355.1,"Earache, pain"
Eye pain,eye and ear,1401,1320.1,Eye pain
Vision problems,eye and ear,1365,1305.0 1305.2,Vision dysfunctions | Diminished vision
Red or discolored eyes,eye and ear,526,1330.1,Abnormal color of eyes
Eye swelling,eye and ear,427,1335.3,Swelling of eyes
Eye discharge,eye and ear,205,1310.0,Discharge from eye
Hearing loss,eye and ear,205,1345.1,Diminished hearing
Other eye and ear symptom,eye and ear,2219,1305.1 1305.3 1305.4 1310.1 1310.2 1310.3 1315.0 1315.1 1320.0 1320.2 1320.3 1320.4 1325.0 1325.1 1325.2 1325.3 1325.4 1330.0 1330.2 1330.3 1335.0 1335.1 1335.2 1340.0 1340.1 1340.2 1340.3 1340.4 1345.0 1345.2 1345.3 1350.0 1350.1 1350.2 1350.3 1355.0 1355.2 1360.0 1365.0 1365.1 1365.2,"Blindness and half vision | Extraneous vision | Double vision (diplopia) | Discharge from eye--bleeding | Discharge from eye--tearing, watering... | Discharge from eye--pus, matter, whit... | Eye infection and inflammation | Pinkeye | Abnormal sensations of the eye | Eye itching | Eye burning | Eye strain | Abnormal eye movements | Abnormal retraction of eye | Cross-eyed | Pupils unequal | Deviation of eyes | Abnormal appearance of eyes | Protrusion (exophthalmos) of eyes | Cloudy, dull, hazy appearance of eyes | Other and unspecified symptoms refera... | Contact lens problems | Allergy problems referable to eye | Symptoms of eyelids | Infection, inflammation, swelling of ... | Itching of eyelids | Mass or growth of eyelids | Abnormal movement of eyelids | Hearing dysfunctions | Heightened or acute hearing | Extraneous hearing | Discharge from ear | Bleeding of ear | Pus (purulent drainage) from ear | Swimmer's ear | Earache, or ear infection | Ear infection | Plugged feeling in ear | Other and unspecified symptoms refera... | Itching of ears | Growths or mass of ears"
Shortness of breath,respiratory,15666,1415.0 1420.0 1430.0,"Shortness of breath | Labored or difficult breathing (dyspnea) | Breathing problems, NEC"
Cough,respiratory,9935,1440.0,Cough
Sore throat,respiratory,5094,1455.0 1455.1 1455.2,Symptoms referable to throat | Throat soreness | Throat pain
Nasal congestion,respiratory,2696,1400.0,Nasal congestion
Wheezing,respiratory,1039,1425.0,Wheezing
Head cold,respiratory,1035,1445.0,"Head cold, upper respiratory infectio..."
Nosebleed,respiratory,919,1405.1,Nosebleed (epistaxis)
Flu symptoms,respiratory,816,1450.1,Flu
Coughing up phlegm,respiratory,794,1470.3,Excessive sputum
Sinus pain or congestion,respiratory,725,1410.0 1410.1 1410.3,Sinus problems | Sinus pain and pressure | Sinus congestion
Chest congestion,respiratory,445,1475.0,Congestion in chest
Coughing up blood,respiratory,390,1470.1,Coughing up blood
Throat swelling,respiratory,219,1455.5,Throat swelling
Other respiratory symptom,respiratory,1358,1405.0 1405.2 1405.3 1405.4 1410.2 1430.1 1430.2 1435.0 1450.0 1455.3 1455.4 1455.6 1460.0 1470.0 1470.2 1480.0 1480.1 1485.0 1485.1 1485.2,"Other symptoms of nose | Sore in nose | Inflammation and swelling of nose | Problem with appearance of nose | Sinus inflammation, infection | Disorders of respiratory sound, NEC | Rapid breathing (hyperventilation) | Sneezing | General viral infection | Throat infection | Throat irritation, scratch, tickle | Throat lump or mass | Symptoms referable to tonsils | Abnormalities of sputum or phlegm | Pus in sputum | Disorders of voice | Hoarseness, loss of voice | Other symptoms referable to the respi... | Lung pain | Lung infection"
Abdominal pain,digestive,21305,1545.0 1545.1,"Stomach and abdominal pain, cramps an... | Abdominal pain, cramps, spasms, NOS"
Nausea,digestive,12786,1525.0,Nausea
Vomiting,digestive,12071,1530.0,Vomiting
Diarrhea,digestive,4781,1595.0,Diarrhea
Lower abdominal pain,digestive,3275,1545.2,"Lower abdominal pain, cramps, spasms,"
Toothache or gum problem,digestive,3207,1500.0 1500.1,Symptoms of teeth and gums | Toothache
Upper abdominal pain,digestive,2190,1545.3,"Upper abdominal pain, cramps, spasms"
Blood in stool or rectal bleeding,digestive,1785,1580.0 1580.1 1605.2,Gastrointestinal bleeding | Blood in stool (melena) | Anal-rectal bleeding
Constipation,digestive,1512,1590.0,Constipation
Difficulty swallowing,digestive,688,1520.0,Difficulty in swallowing (dysphagia)
Loss of appetite,digestive,683,1570.2,Decreased appetite
Mouth pain or sores,digestive,593,1510.0 1510.1,"Symptoms referable to mouth | Mouth pain, burning, soreness"
Abdominal swelling or bloating,digestive,530,1565.1 1565.3,"Abdominal distention, fullness, NOS | Abdominal swelling, NOS"
Vomiting blood,digestive,457,1580.2,Vomiting blood (hematemesis)
Rectal pain,digestive,447,1605.1,Anal-rectal pain
Heartburn or indigestion,digestive,378,1535.0,Heartburn and indigestion (dyspepsia)
Lip symptoms,digestive,296,1505.0,Symptoms referable to lips
Change in stools,digestive,295,1600.3,"Changes in size, color, shape, or odo..."
Other digestive symptom,digestive,2003,1500.2 1500.3 1501.0 1501.1 1501.2 1505.1 1505.2 1505.3 1510.2 1510.3 1510.4 1515.0 1515.1 1515.2 1515.3 1515.4 1540.0 1565.0 1565.2 1570.0 1570.1 1575.0 1585.0 1600.0 1600.1 1600.2 1600.4 1605.0 1605.3 1605.4 1610.0 1610.1 1610.2 1615.0,"Gum pain | Bleeding gums | Symptoms of the jaw, NOS | Symptoms of the jaw, swelling | Symptoms of the jaw, lump or mass | Cracked, bleeding, dry lips | Abnormal color of lips | Cold sore | Mouth bleeding | Mouth dryness | Mouth ulcer, sore | Symptoms referable to tongue | Tongue pain | Tongue bleeding | Tongue inflammation, infection, swelling | Abnormal color, ridges, coated tongue | Gastrointestinal infection | Change in abdominal size | Abdominal mass or tumor | Appetite, abnormal | Excessive appetite | Difficulty eating | Flatulence | Other symptoms or changes in bowel fu... | Discharge in stools | Worms | Incontinence of stool | Symptoms referable to anus-rectum | Anal-rectal swelling or mass | Anal-rectal itching | Symptoms of liver, gallbladder, and b... | Pain of liver, gallbladder, and bilia... | Jaundice | Other and unspecified symptoms refera..."
Pregnancy-related problem,urinary and genital,3770,1790.0 1790.1 1790.2 1790.3,"Problems of pregnancy | Pain during pregnancy | Spotting, bleeding during pregnancy | Symptoms of onset of labor"
Painful urination,urinary and genital,2240,1650.0,Painful urination
Vaginal bleeding,urinary and genital,1986,1755.0 1755.1,Uterine and vaginal bleeding | Intermenstrual bleeding (metrorrhagia)
Difficulty urinating,urinary and genital,1331,1660.0 1660.1,Other urinary dysfunctions | Retention of urine
Blood in urine,urinary and genital,1229,1640.1,Blood in urine (hematuria)
Frequent or urgent urination,urinary and genital,1118,1645.0,Frequency and urgency of urination
Pelvic pain,urinary and genital,977,1775.1,Pelvic pain
Suspected urinary infection,urinary and genital,920,1675.0,"Urinary tract infection, NOS"
Vaginal pain or itching,urinary and genital,844,1765.0 1765.1 1765.3,"Other vaginal symptoms | Vaginal pain | Vaginal itching, burning"
Vaginal discharge,urinary and genital,792,1760.0,Vaginal discharge
Testicle or scrotum pain or swelling,urinary and genital,580,1715.1 1715.2,"Pain, aching, tenderness of the scrot... | Swelling, inflammation of the scrotum..."
Penile pain or discharge,urinary and genital,486,1700.0 1700.1 1705.0,"Symptoms of penis | Pain, aching, soreness, tenderness, p... | Penile discharge"
Breast pain,urinary and genital,360,1800.0,Pain or soreness of breast
Unusual urine color or smell,urinary and genital,235,1640.3,Unusual color or odor of urine
Other urinary and genital symptom,urinary and genital,2085,1640.0 1640.2 1645.1 1655.0 1655.1 1660.2 1660.3 1660.4 1665.0 1665.1 1665.2 1665.3 1670.0 1670.2 1670.3 1680.0 1700.2 1700.3 1710.0 1710.1 1710.2 1715.0 1715.3 1715.4 1720.0 1730.0 1735.0 1735.1 1735.2 1735.3 1740.1 1740.2 1740.3 1745.0 1745.1 1745.2 1750.0 1750.2 1755.2 1755.3 1765.2 1765.4 1770.0 1770.1 1770.2 1770.3 1775.0 1775.2 1791.0 1795.0 1805.0 1810.0 1810.1 1810.2 1810.3 1815.0 1820.0 1825.0,"Abnormalities of urine | Pus in urine | Excessive urination, night (nocturia) | Incontinence of urine (enuresis) | Involuntary urination, can't hold uri... | Urinary hesitancy | Large volume of urine | Small volume of urine | Symptoms of bladder | Bladder pain | Bladder infection | Bladder mass | Symptoms of the kidneys | Kidney infection | Symptoms of the kidneys -- mass | Other symptoms referable to urinary t... | Infection, inflammation, swelling of ... | Lumps, bumps, growths, warts of penis | Symptoms of prostate | Swelling of prostate | Infection of prostate | Symptoms of the scrotum and testes | Growths, warts, lumps, bumps of the s... | Itching, jock itch of the scrotum and... | Other symptoms of male reproductive s... | Absence of menstruation (amenorrhea) | Irregularity of menstrual interval | Frequent menstrual interval | Infrequent menstrual interval | Unpredictable menstrual interval | Excessively heavy (menorrhagia) menst... | Scanty flow (oligomenorrhea) menstrua... | Abnormal material in menstrual flow, ... | Menstrual symptoms, other and unspeci... | Premenstrual symptoms | Painful menstruation (dysmenorrhea) | Menopausal symptoms | Vasomotor symptoms-hot flashes | Postmenopausal bleeding | Postcoital bleeding, female | Vaginal infection | Vaginal dryness | Vulvar disorders | Vulvar itching and irritation, swelling | Vulvar mass, lump | Vulvar growth, wart, cyst, ulcer, sore | Pelvic symptoms | Pelvic pressure or dropping sensation | Postpartum problems | Other symptoms referable to the femal... | Lump or mass of breast | Other symptoms referable to breast | Bleeding or discharge from nipple of ... | Postpartum problems of breast | Problems with shape or size of breast | Symptoms of infertility | Hormone deficiency or problem | Symptoms of sexual dysfunction"
Skin rash,"skin, nail and hair",2871,1860.0,Skin rash
Skin redness or discoloration,"skin, nail and hair",1473,1835.0,Discoloration or abnormal pigmentation
Itchy or irritated skin,"skin, nail and hair",1313,1870.0 1870.2,"Skin irritations, NEC | Skin itching"
Skin infection,"skin, nail and hair",1048,1840.0 1840.2 1840.3,"Infections of skin, NOS | Infection of skin of arm, hand, or fi... | Infection of skin of leg, foot, or toe"
Skin lesion or growth,"skin, nail and hair",941,1855.0 1865.0,Other growths of skin | Skin lesion
Skin swelling,"skin, nail and hair",326,1875.0,Swelling of skin
"Other skin, nail and hair symptom","skin, nail and hair",705,1830.0 1840.1 1845.0 1845.1 1845.2 1850.0 1860.1 1870.1 1880.0 1880.2 1880.3 1885.0 1885.1 1885.2 1885.3 1890.0 1890.1 1890.2 1890.3 1890.4 1895.0,"Acne or pimples | Infection of skin of head or neck area | Symptoms of skin moles | Change in size or color of skin moles | Bleeding mole | Warts, NOS | Diaper rash | Skin pain | Other symptoms referable to skin | Dryness, peeling, scaliness, roughnes... | Wrinkles of skin | Symptoms referable to nails | Infected nails | Ingrown nails | Brittle, breaking, splitting, cracked... | Symptoms referable to hair and scalp | Too little hair | Unwanted hair | Dryness, flaky scalp | Itching of scalp | Navel problems"
Back pain,muscle and joint,10676,1905.0 1905.1 1905.2,"Back symptoms | Back pain, ache, soreness, discomfort | Back cramps, contractures, spasms"
Leg pain,muscle and joint,6043,1920.0 1920.1 1920.2,"Leg symptoms | Leg pain, ache, soreness, discomfort | Leg cramps, contractures, spasms"
Low back pain,muscle and joint,4644,1910.1,"Low back pain, ache, soreness, discom..."
Neck pain,muscle and joint,4522,1900.1,"Neck pain, ache, soreness, discomfort"
Shoulder pain,muscle and joint,4264,1940.1,"Shoulder pain, ache, soreness, discom..."
Arm pain or swelling,muscle and joint,3975,1945.0 1945.1 1945.5,"Arm symptoms | Arm pain, ache, soreness, discomfort | Swelling of arm"
Knee pain or swelling,muscle and joint,3942,1925.1 1925.5,"Knee pain, ache, soreness, discomfort | Swelling of knee"
Foot or toe pain or swelling,muscle and joint,3918,1935.0 1935.1 1935.5,"Foot and toe symptoms | Foot and toe pain, ache, soreness, di... | Swelling of foot and toe"
Hand or finger pain or swelling,muscle and joint,3464,1960.0 1960.1 1960.5,"Hand and finger symptoms | Hand and finger pain, ache, soreness,... | Swelling of hand and finger"
Hip pain,muscle and joint,2526,1915.1,"Hip pain, ache, soreness, discomfort"
Ankle pain or swelling,muscle and joint,2239,1930.1 1930.5,"Ankle pain, ache, soreness, discomfort | Swelling of ankle"
Leg swelling,muscle and joint,1650,1920.5,Swelling of leg
Wrist pain or swelling,muscle and joint,1462,1955.1 1955.5,"Wrist pain, ache, soreness, discomfort | Swelling of wrist"
Elbow pain or swelling,muscle and joint,817,1950.1 1950.5,"Elbow pain, ache, soreness, discomfort | Swelling of elbow"
Muscle aches or cramps,muscle and joint,478,1965.1 1965.2,"Unspecified muscle pain, ache, sorene... | Unspecified muscle cramps, contractur..."
Leg weakness,muscle and joint,338,1920.4,Weakness of leg
Joint pain,muscle and joint,239,1970.1,"Unspecified joint pain, ache, sorenes..."
Other muscle and joint symptom,muscle and joint,2661,1900.0 1900.2 1900.3 1900.4 1900.5 1900.6 1905.3 1905.4 1905.5 1905.6 1910.0 1910.2 1910.3 1910.4 1910.5 1910.6 1915.0 1915.2 1915.3 1915.4 1915.5 1915.6 1920.3 1920.6 1925.0 1925.2 1925.3 1925.4 1925.6 1930.0 1930.2 1930.3 1930.4 1930.6 1935.2 1935.3 1935.4 1935.6 1940.0 1940.2 1940.3 1940.4 1940.5 1940.6 1945.2 1945.3 1945.4 1945.6 1950.0 1950.3 1950.6 1955.0 1955.2 1955.3 1955.4 1955.6 1960.2 1960.3 1960.4 1960.6 1965.0 1965.3 1965.4 1965.5 1970.0 1970.2 1970.3 1970.5 1975.0 1975.2 1980.0,"Neck symptoms | Neck cramps, contractures, spasms | Limitation of movement, stiffness of ... | Weakness of neck | Swelling of neck | Lump, mass, tumor of neck | Limitation of movement, stiffness of ... | Weakness of back | Swelling of back | Lump, mass, tumor of back | Low back symptoms | Low back cramps, contractures, spasms | Limitation of movement, stiffness of ... | Weakness of lower back | Swelling of lower back | Lump, mass, tumor of lower back | Hip symptoms | Hip cramps, contractures, spasms | Limitation of movement, stiffness of hip | Weakness of hip | Swelling of hip | Lump, mass, tumor of hip | Limitation of movement, stiffness of leg | Lump, mass, tumor of leg | Knee symptoms | Knee cramps, contractures, spasms | Limitation of movement, stiffness of ... | Weakness of knee | Lump, mass, tumor of knee | Ankle symptoms | Ankle cramps, contractures, spasms | Limitation of movement, stiffness of ... | Weakness of ankle | Lump, mass, tumor of ankle | Foot and toe cramps, contractures, sp... | Limitation of movement, stiffness of ... | Weakness of foot and toe | Lump, mass, tumor of foot and toe | Shoulder symptoms | Shoulder cramps, contractures, spasms | Limitation of movement, stiffness of ... | Weakness of shoulder | Swelling of shoulder | Lump, mass, tumor of shoulder | Arm cramps, contractures, spasms | Limitation of movement, stiffness of arm | Weakness of arm | Lump, mass, tumor of arm | Elbow symptoms | Limitation of movement, stiffness of ... | Lump, mass, tumor of elbow | Wrist symptoms | Wrist cramps, contractures, spasms | Limitation of movement, stiffness of ... | Weakness of wrist | Lump, mass, tumor of wrist | Hand and finger cramps, contractures,... | Limitation of movement, stiffness of ... | Weakness of hand and finger | Lump, mass, tumor of hand and finger | Symptoms of unspecified muscles | Limitation of movement, stiffness of ... | Weakness of unspecified muscles | Swelling of unspecified muscles | Symptoms of unspecified joints | Unspecified joint cramps, contracture... | Limitation of movement, stiffness of ... | Swelling of unspecified joints | Musculoskeletal deformities | Posture problems | Other musculoskeletal symptoms"
